name_subform,name_field,value
form,id_form,SAFASTA
historia_personal,clinic,1
historia_personal,nombre,nombre
historia_personal,cedula,cedula
historia_personal,fecha_de_nacimiento,2020-10-10
historia_personal,nacionalidad,0
historia_personal,identidad_etnica,1
historia_personal,identidad_etnica_otro,None
historia_personal,peso,10
historia_personal,talla,10
historia_personal,imc,0.10000000149011612
historia_personal,fuma,False
historia_personal,fuma_edad,None
historia_personal,fuma_actualmente,False
historia_personal,fuma_cuanto,None
historia_personal,bebidas,False
historia_personal,bebidas_cuanto,None
historia_personal,bebidas_cuanto_otro,None
historia_personal,actividad_fisica,False
historia_personal,actividad_fisica_cuanto,None
historia_personal,consume_alimentos_con_grasa,False
historia_personal,consume_veg_frut_gram,False
historia_personal,diabetes,0
historia_personal,toma_medicamento_tamoxifeno,False
historia_personal,cuanto_tamoxifeno,None
historia_personal,toma_medicamento_anastrozol,False
historia_personal,cuanto_anastrozol,None
historia_personal,toma_medicamento_metformina,False
historia_personal,cuanto_metformina,None
historia_personal,toma_medicamento_bifosfonatos,False
historia_personal,cuanto_bifosfonatos,None
historia_personal,toma_medicamento_aspirina,False
historia_personal,cuanto_aspirina,None
historia_personal,radiacion,False
historial_familiar,prueba_genetica,True
historial_familiar,prueba_genetica_otro,None
historial_familiar,familiares_mama,False
historial_familiar,familiares_cancer,False
historial_familiar,familiares_cancer_tipo,None
historial_familiar,familiares_cancer_parentesco,None
historial_familiar,prueba_genetica_resultado,2_4_
historial_familiar,parentesco,1_
antecedentes_gineco_obstetricos,manopausa_aplica,False
antecedentes_gineco_obstetricos,edad_menstruacion,20
antecedentes_gineco_obstetricos,edad_manopausa,None
antecedentes_gineco_obstetricos,parto_aplica,False
antecedentes_gineco_obstetricos,parto_cantidad,None
antecedentes_gineco_obstetricos,edad_ult_hijo,None
antecedentes_gineco_obstetricos,lactancia_aplica,None
antecedentes_gineco_obstetricos,lactancia_tiempo,None
antecedentes_gineco_obstetricos,anticonceptivos_aplica,False
antecedentes_gineco_obstetricos,anticonceptivos_cuanto,None
antecedentes_gineco_obstetricos,anticonceptivos_ult_vez,None
antecedentes_gineco_obstetricos,terapia_hormonal_aplica,None
antecedentes_gineco_obstetricos,terapia,0
antecedentes_gineco_obstetricos,cuanto_tiempo_terapia,None
antecedentes_gineco_obstetricos,biopsia_aplica,False
antecedentes_gineco_obstetricos,biopsia_cuantas,None
antecedentes_gineco_obstetricos,biopsia_resultado,None